{
  "backend": "ibm_fez",
  "num_qubits": 156,
  "timestamp": "2025-12-07T20:31:52.009288",
  "results": {
    "1_asset": {
      "classical": 10.450583572185565,
      "quantum": 0.7820607708138347,
      "t_classical": 0.0020761489868164062,
      "t_quantum": 7.583337068557739,
      "error": 2.4613566867151646,
      "winner": "Classical"
    },
    "3_asset": {
      "bs": 9.411342571901862,
      "mc": 8.930496658075493,
      "quantum": 0.4711311247554085,
      "t_mc": 0.006429910659790039,
      "t_quantum": 7.502242088317871,
      "error": 1.6777713316597525,
      "winner": "Quantum"
    },
    "5_asset": {
      "bs": 8.600363046062213,
      "mc": 7.896440487295767,
      "quantum": 0.5756276297151169,
      "t_mc": 0.015779733657836914,
      "t_quantum": 13.011776208877563,
      "error": 0.8603541906486939,
      "winner": "Quantum"
    },
    "10_asset": {
      "bs": 8.11732571703132,
      "mc": 7.206695653344172,
      "quantum": 0.6576964581006655,
      "t_mc": 0.018432140350341797,
      "t_quantum": 7.53262996673584,
      "error": 0.5544914803889802,
      "winner": "Quantum"
    },
    "50_asset": {
      "bs": 6.6926487743735095,
      "mc": 5.482481547003393,
      "quantum": 1.0788978819057056,
      "t_mc": 0.14773797988891602,
      "t_quantum": 12.653052806854248,
      "error": 1.5361572641579722,
      "winner": "Quantum"
    },
    "rainbow": {
      "bs": 8.11732571703132,
      "mc": 7.206695653344172,
      "quantum": 0.6576964581006655,
      "t_mc": 0.018432140350341797,
      "t_quantum": 7.53262996673584,
      "error": 0.5544914803889802,
      "winner": "Quantum"
    },
    "ultra_precision": {
      "winner": "Classical"
    }
  }
}