{
  "backend": "ibm_fez",
  "num_qubits": 156,
  "timestamp": "2025-12-07T20:36:01.754977",
  "results": {
    "1_asset": {
      "classical": 10.450583572185565,
      "quantum": 0.7772860245201964,
      "t_classical": 0.0012249946594238281,
      "t_quantum": 10.414896011352539,
      "error": 3.0568631908478032,
      "winner": "Classical"
    },
    "3_asset": {
      "bs": 9.411342571901862,
      "mc": 8.925787826346946,
      "quantum": 0.47227260861138276,
      "t_mc": 0.014840126037597656,
      "t_quantum": 7.6617090702056885,
      "error": 1.92412214226855,
      "winner": "Quantum"
    },
    "5_asset": {
      "bs": 8.600363046062213,
      "mc": 7.912623096222932,
      "quantum": 0.582302161844843,
      "t_mc": 0.018748998641967773,
      "t_quantum": 12.986391067504883,
      "error": 2.0298527343412567,
      "winner": "Quantum"
    },
    "10_asset": {
      "bs": 8.261882326641057,
      "mc": 7.398813826100948,
      "quantum": 0.626632552496537,
      "t_mc": 0.03016805648803711,
      "t_quantum": 8.054381847381592,
      "error": 0.0947012895742427,
      "winner": "Quantum"
    },
    "50_asset": {
      "bs": 6.584712610150589,
      "mc": 5.414882308864052,
      "quantum": 1.1131546010705502,
      "t_mc": 0.1581571102142334,
      "t_quantum": 12.728017091751099,
      "error": 0.2048980114028486,
      "winner": "Quantum"
    },
    "rainbow": {
      "bs": 8.261882326641057,
      "mc": 7.398813826100948,
      "quantum": 0.626632552496537,
      "t_mc": 0.03016805648803711,
      "t_quantum": 8.054381847381592,
      "error": 0.0947012895742427,
      "winner": "Quantum"
    },
    "ultra_precision": {
      "winner": "Classical"
    }
  }
}