scenario,error_classical,error_quantum,advantage,linear_correlation,tail_dependence
Gaussian (Linear),40.55599402940352,39.90409277731446,0.6519012520890612,0.4,0.166
Student-t Copula (df=4),79.48798180804411,78.67013994932502,0.8178418587190919,0.4,0.318
Student-t Copula (df=2),48.65247882286646,47.954132658763356,0.698346164103107,0.4,0.434
Stress Regime (10%),31.516696042638525,31.844524931161907,-0.3278288885233813,0.7040525684434962,0.49800000000000005
Stress Regime (20%),38.87973070413413,39.17381486930698,-0.29408416517284763,0.8023915217058049,0.732
