{
  "timestamp": "2025-12-04T00:40:43.296054",
  "backend": "ibm_fez",
  "num_qubits": 156,
  "strikes": {
    "ITM": {
      "K": 90.0,
      "classical": 0.9101177566060225,
      "quantum": 0.9196636134779723,
      "error_percent": 1.0488595352262902,
      "circuit_depth": 2,
      "num_qubits": 6,
      "sigma_p": 0.19958707372973833
    },
    "ATM": {
      "K": 100.0,
      "classical": 0.8032029791659354,
      "quantum": 0.8107011400739451,
      "error_percent": 0.9335325070377556,
      "circuit_depth": 2,
      "num_qubits": 6,
      "sigma_p": 0.19958707372973833
    },
    "OTM": {
      "K": 110.0,
      "classical": 0.723513258722474,
      "quantum": 0.7217107300759661,
      "error_percent": 0.24913553756991877,
      "circuit_depth": 2,
      "num_qubits": 6,
      "sigma_p": 0.19958707372973833
    }
  }
}