{
  "synthetic": {
    "phase": "synthetic",
    "timestamp": "2026-01-09T21:17:57.251624",
    "portfolio": {
      "n_assets": 4,
      "correlation": 0.6,
      "strike": 100.0,
      "maturity": 1.0
    },
    "qrc": {
      "factors": [
        0.12999999999999998,
        0.4599999999999999,
        0.31999999999999995,
        0.08999999999999998
      ],
      "circuit_depth": 30,
      "regime": "STRESSED (high concentration)"
    },
    "qtc": {
      "patterns": [
        0.04918267896261777,
        0.10345030257173375,
        0.3863478758012292,
        0.46101914266441923
      ],
      "circuit_depth": 18,
      "trend": "NEUTRAL"
    },
    "volatility": {
      "sigma_p_pca": 0.18716369840329614,
      "sigma_p_enhanced": 0.15652937459480504,
      "change_pct": -16.367663211314056
    },
    "fb_iqft": {
      "success": true,
      "result": {
        "price_quantum": 0.8681769137400646,
        "price_classical": 0.8688107900665818,
        "error_percent": 0.07295907621827048,
        "sigma_p": 0.18716369840329614,
        "B_0": 101.15,
        "num_factors": 4,
        "explained_variance": 100.0,
        "loading_matrix": [
          [
            -0.42553110132142485,
            -0.13709381420807548,
            -0.13167342523462516,
            -0.884754585747392
          ],
          [
            -0.5723934799142919,
            0.7968322337842471,
            0.14272795431632307,
            0.1305864710094129
          ],
          [
            -0.480777749750981,
            -0.27600557535747494,
            -0.7384404254657422,
            0.3839002679784771
          ],
          [
            -0.5100409212055107,
            -0.5196966419747954,
            0.6457527221635486,
            0.22973262901539002
          ]
        ],
        "factor_variances": [
          0.14326264350519372,
          0.023407037591549308,
          0.020179853875163217,
          0.016950465028093754
        ],
        "circuit": "     \u00bb\nq_0: \u00bb\n     \u00bb\nq_1: \u00bb\n     \u00bb\nq_2: \u00bb\n     \u00bb\nq_3: \u00bb\n     \u00bb\nq_4: \u00bb\n     \u00bb\nq_5: \u00bb\n     \u00bb\n\u00ab     \u250c\u2500\u2500\u2500\u2500\u2500\u2500\u2500\u2500\u2500\u2500\u2500\u2500\u2500\u2500\u2500\u2500\u2500\u2500\u2500\u2500\u2500\u2500\u2500\u2500\u2500\u2500\u2500\u2500\u2500\u2500\u2500\u2500\u2500\u2500\u2500\u2500\u2500\u2500\u2500\u2500\u2500\u2500\u2500\u2500\u2500\u2500\u2500\u2500\u2500\u2500\u2500\u2500\u2500\u2500\u2500\u2500\u2500\u2500\u2500\u2500\u2500\u2500\u2500\u2500\u2500\u2500\u2500\u2500\u2500\u2500\u2500\u2500\u2500\u2500\u2500\u2500\u2500\u2500\u2500\u2500\u2500\u2500\u2500\u2500\u2500\u2500\u2500\u2500\u2500\u2500\u2500\u2500\u2500\u2500\u2500\u2500\u2500\u2500\u2500\u2500\u2500\u2500\u2500\u2500\u2500\u2500\u2500\u2500\u2500\u2500\u2500\u2500\u2500\u2500\u2500\u2500\u2500\u2500\u2500\u2500\u2500\u2500\u2500\u2500\u2500\u2500\u2500\u2500\u2500\u2500\u2500\u2500\u2500\u2500\u2500\u2500\u2500\u2500\u2500\u2500\u2500\u2500\u2500\u2500\u2500\u2500\u2500\u2500\u2500\u2500\u2500\u2500\u2500\u2500\u2500\u2500\u2500\u2500\u2500\u2500\u2500\u2500\u2500\u2500\u2500\u2500\u2500\u2500\u2500\u2500\u2500\u2500\u2500\u2500\u2500\u2500\u2500\u2500\u2500\u2500\u2500\u2500\u2500\u2500\u2500\u2500\u2500\u2500\u2500\u2500\u2500\u2500\u2500\u2500\u2500\u2500\u2500\u2500\u2500\u2500\u2500\u2500\u2500\u2500\u2500\u2500\u2500\u2500\u2500\u2500\u2500\u2500\u2500\u2500\u2500\u2500\u2500\u2500\u2500\u2500\u2500\u2500\u2500\u2500\u2500\u2500\u2500\u2500\u2500\u2500\u2500\u2500\u2500\u2500\u2500\u2500\u2500\u2500\u2500\u2500\u2500\u2500\u2500\u2500\u2500\u2500\u2500\u2500\u2500\u2500\u2500\u2500\u2500\u2500\u2500\u2500\u2500\u2500\u2500\u2500\u2500\u2510\u00bb\n\u00abq_0: \u25240                                                                                                                                                                                                                                                                    \u251c\u00bb\n\u00ab     \u2502                                                                                                                                                                                                                                                                     \u2502\u00bb\n\u00abq_1: \u25241                                                                                                                                                                                                                                                                    \u251c\u00bb\n\u00ab     \u2502                                                                                                                                                                                                                                                                     \u2502\u00bb\n\u00abq_2: \u25242                                                                                                                                                                                                                                                                    \u251c\u00bb\n\u00ab     \u2502  State Preparation(0.99861,-0.02414-0.046558j,-0.001157-0.0040577j,2.84e-05-0.00025233j,4.4906e-06-7.2864e-06j,1.2408e-07-7.7409e-08j,1.2056e-09,0,0,0,0,0,0,0,0,0,0,0,0,0,0,0,0,0,0,0,0,0,0,0,0,0,0,0,0,0,0,0,0,0,0,0,0,0,0,0,0,0,0,0,0,0,0,0,0,0,0,0,0,0,0,0,0,0) \u2502\u00bb\n\u00abq_3: \u25243                                                                                                                                                                                                                                                                    \u251c\u00bb\n\u00ab     \u2502                                                                                                                                                                                                                                                                     \u2502\u00bb\n\u00abq_4: \u25244                                                                                                                                                                                                                                                                    \u251c\u00bb\n\u00ab     \u2502                                                                                                                                                                                                                                                                     \u2502\u00bb\n\u00abq_5: \u25245                                                                                                                                                                                                                                                                    \u251c\u00bb\n\u00ab     