{
  "timestamp": "2025-12-04T00:53:21.269921",
  "backend": "ibm_fez",
  "test_type": "random_fresh",
  "portfolio_params": {
    "asset_prices": [
      106.8898491920573,
      102.20578768520006,
      101.88800423298687
    ],
    "asset_volatilities": [
      0.3551425072273051,
      0.16546513881103386,
      0.35367995364429017
    ],
    "correlation_matrix": [
      [
        1.0,
        0.6104872403874678,
        0.3349275828010199
      ],
      [
        0.6104872403874678,
        1.0000000000000002,
        -0.10262291236753783
      ],
      [
        0.33492758280101986,
        -0.10262291236753783,
        1.0
      ]
    ],
    "portfolio_weights": [
      0.012862590716821257,
      0.5703780424800128,
      0.416759366803166
    ],
    "T": 1.1634721581278706,
    "r": 0.0632122862400218
  },
  "strike": 112.20908686294673,
  "moneyness": 1.098650096312202,
  "result": {
    "classical": 0.8025665150882928,
    "quantum": 0.8057445626132307,
    "error_percent": 0.3959855619678154,
    "circuit_depth": 2,
    "num_qubits": 6
  }
}